<?xml version="1.0" encoding="UTF-8"?>
<ApexComponent xmlns="http://soap.sforce.com/2006/04/metadata">
    <apiVersion>46.0</apiVersion>
    <description>Default Salesforce Sites Login component</description>
    <label>SiteLogin</label>
    <packageVersions>
        <majorNumber>1</majorNumber>
        <minorNumber>0</minorNumber>
        <namespace>sb_security</namespace>
    </packageVersions>
    <packageVersions>
        <majorNumber>1</majorNumber>
        <minorNumber>7</minorNumber>
        <namespace>sf_com_apps</namespace>
    </packageVersions>
</ApexComponent>
